Müller,Hans,67742 Lauterecken,1
Petersen,Peter,18439 Stralsund,2
Johnson,Johnny,88888 Ausgedacht,3
Millenium,Milly,77777 Auch ausgedacht,4
Müller,Jonas,32323 Hansstadt,5
Fujitsu,Tastatur,42342 Japan,6
Andersson,Anders,32132 Schweden - Bonus,2
Bart,Bertram,12313 WasWeißich,1
Gerber,Gerda,76535 Woanders,3
Klaussen,Klaus,4324 Hierach,2
Titus,Markus,90408 Nürnberg,1
Titus,Markus2,90408 Nürnberg,7
Titus,Markus2,90408 Nürnberg,1
Titus,Markus2,90408 Nürnberg,1
Titus,Markus2,90408 Nürnberg,1
